filename,width,height,class,xmin,ymin,xmax,ymax
20180518_150725.jpg,931,698,flying termite,301,107,366,215
20180518_150725.jpg,931,698,flying termite,269,378,332,482
20180518_150725.jpg,931,698,flying termite,279,515,335,602
20180518_150725.jpg,931,698,flying termite,418,499,482,602
20180518_150725.jpg,931,698,flying termite,320,490,449,599
20180518_150725.jpg,931,698,flying termite,572,520,625,617
20180518_150725.jpg,931,698,flying termite,612,463,754,581
20180518_150735 - Copy.jpg,698,931,flying termite,97,276,180,373
20180518_150735 - Copy.jpg,698,931,flying termite,124,664,212,737
20180518_150735.jpg,931,698,flying termite,271,522,371,604
20180518_150735.jpg,931,698,flying termite,474,371,547,454
20180518_150735.jpg,931,698,flying termite,660,485,725,581
20180518_150739 - Copy.jpg,698,931,flying termite,199,429,272,474
20180518_150739.jpg,931,698,flying termite,428,415,476,497
20180518_150744 - Copy.jpg,698,931,house fly,139,174,259,263
20180518_150744.jpg,931,698,house fly,178,444,266,564
20180518_150749 - Copy.jpg,698,931,flying termite,155,175,246,274
20180518_150749 - Copy.jpg,698,931,flying termite,357,129,437,221
20180518_150749 - Copy.jpg,698,931,flying termite,517,773,594,872
20180518_150749.jpg,931,698,flying termite,172,457,274,557
20180518_150749.jpg,931,698,flying termite,119,265,224,352
20180518_150749.jpg,931,698,flying termite,773,110,866,182
20180518_150753 - Copy.jpg,698,931,flying termite,191,183,274,272
20180518_150753 - Copy.jpg,698,931,flying termite,388,134,465,235
20180518_150753 - Copy.jpg,698,931,flying termite,531,763,606,856
20180518_150753.jpg,931,698,flying termite,769,88,868,169
20180518_150753.jpg,931,698,flying termite,130,240,229,320
20180518_150753.jpg,931,698,flying termite,177,427,268,514
20180523_115949.jpg,931,698,house fly,268,171,435,289
20180523_115949.jpg,931,698,house fly,354,298,484,396
20180523_122900 - Copy.jpg,698,931,house fly,189,478,285,635
20180523_122900 - Copy.jpg,698,931,house fly,297,442,377,545
20180523_122900 - Copy.jpg,698,931,moth,609,4,692,105
20180523_122900.jpg,931,698,moth,17,1,99,93
20180523_122900.jpg,931,698,house fly,441,326,551,404
20180523_122900.jpg,931,698,house fly,481,420,640,520
20180523_122908 - Copy.jpg,698,931,house fly,186,329,317,449
20180523_122908 - Copy.jpg,698,931,house fly,249,557,371,678
20180523_122908 - Copy.jpg,698,931,house fly,313,1,368,68
20180523_122908 - Copy.jpg,698,931,moth,622,638,698,719
20180523_123750 - Copy.jpg,698,931,house fly,1,385,75,475
20180523_123750.jpg,931,698,house fly,389,645,479,698
20180523_123859 - Copy.jpg,698,931,flying termite,305,82,373,121
20180523_123859 - Copy.jpg,698,931,flying termite,66,152,130,192
20180523_123859 - Copy.jpg,698,931,flying termite,70,89,144,158
20180523_123859 - Copy.jpg,698,931,flying termite,58,53,133,105
20180523_123859 - Copy.jpg,698,931,flying termite,130,54,207,101
20180523_123859 - Copy.jpg,698,931,flying termite,53,244,118,275
20180523_123859 - Copy.jpg,698,931,flying termite,82,499,147,541
20180523_123859.jpg,931,698,flying termite,84,72,174,118
20180523_123859.jpg,931,698,flying termite,387,70,443,135
20180523_123859.jpg,931,698,flying termite,400,167,430,210
20180523_123859.jpg,931,698,flying termite,667,138,748,191
20180523_123859.jpg,931,698,flying termite,158,574,194,630
20180523_123859.jpg,931,698,flying termite,245,581,282,651
20180523_123859.jpg,931,698,flying termite,262,558,359,627
20180523_123859.jpg,931,698,flying termite,84,330,124,392
20180523_123859.jpg,931,698,flying termite,52,498,104,563
20180523_123859.jpg,931,698,flying termite,89,566,163,633
20180523_124500 - Copy.jpg,698,931,moth,347,434,438,539
20180523_124500 - Copy.jpg,698,931,moth,140,324,175,380
20180523_124500.jpg,931,698,moth,430,273,537,341
20180523_124505 - Copy.jpg,698,931,flying termite,108,431,189,495
20180523_124505.jpg,931,698,flying termite,425,510,497,580
20180523_124509 - Copy.jpg,698,931,flying termite,462,51,526,89
20180523_124509.jpg,931,698,flying termite,40,166,104,238
20180523_124606 - Copy.jpg,698,931,house fly,303,12,350,55
20180523_124606.jpg,931,698,house fly,15,351,62,411
20180523_124649 - Copy.jpg,698,931,flying termite,343,568,415,669
20180523_124649.jpg,931,698,flying termite,571,278,665,358
20180523_125717 - Copy.jpg,698,931,flying termite,308,660,384,693
20180523_125717 - Copy.jpg,698,931,flying termite,324,689,380,726
20180523_125717 - Copy.jpg,698,931,flying termite,516,480,563,535
20180523_125717 - Copy.jpg,698,931,flying termite,652,448,698,480
20180523_125717 - Copy.jpg,698,931,flying termite,80,249,131,305
20180523_125717 - Copy.jpg,698,931,flying termite,158,722,190,776
20180523_125717.jpg,931,698,flying termite,451,1,479,49
20180523_125717.jpg,931,698,flying termite,506,1,545,40
20180523_125717.jpg,931,698,flying termite,652,317,690,379
20180523_125717.jpg,931,698,flying termite,684,308,725,377
20180523_125723 - Copy.jpg,698,931,flying termite,329,492,379,555
20180523_125723 - Copy.jpg,698,931,flying termite,252,622,315,710
20180523_125723 - Copy.jpg,698,931,flying termite,103,645,130,693
20180523_125723 - Copy.jpg,698,931,flying termite,419,751,481,770
20180523_125723 - Copy.jpg,698,931,flying termite,418,707,479,749
20180523_125723 - Copy.jpg,698,931,flying termite,484,377,530,416
20180523_125723 - Copy.jpg,698,931,flying termite,469,463,533,490
20180523_125723.jpg,931,698,flying termite,381,166,416,224
20180523_125723.jpg,931,698,flying termite,463,161,484,218
20180523_125723.jpg,931,698,flying termite,718,222,753,276
20180523_125723.jpg,931,698,flying termite,746,227,781,291
20180523_125723.jpg,931,698,flying termite,484,437,547,491
20180523_125729 - Copy.jpg,698,931,flying termite,418,285,478,312
20180523_125729 - Copy.jpg,698,931,flying termite,412,239,478,285
20180523_125729 - Copy.jpg,698,931,flying termite,364,466,404,533
20180523_125729 - Copy.jpg,698,931,flying termite,90,685,146,715
20180523_125729.jpg,931,698,flying termite,279,228,310,288
20180523_125729.jpg,931,698,flying termite,241,220,281,281
20180523_125729.jpg,931,698,flying termite,725,537,771,586
20180523_125729.jpg,931,698,flying termite,681,560,722,610
20180523_125751 - Copy.jpg,698,931,flying termite,230,610,288,653
20180523_125751 - Copy.jpg,698,931,flying termite,91,41,152,85
20180523_125751 - Copy.jpg,698,931,flying termite,300,416,384,478
20180523_125751.jpg,931,698,flying termite,704,408,732,478
20180523_125751.jpg,931,698,flying termite,607,413,652,477
20180523_125751.jpg,931,698,flying termite,756,601,813,649
20180523_130418 - Copy.jpg,698,931,flying termite,459,459,526,490
20180523_130418 - Copy.jpg,698,931,flying termite,168,693,207,761
20180523_130418.jpg,931,698,flying termite,627,290,656,347
20180523_130418.jpg,931,698,flying termite,264,568,292,622
20180523_130423 - Copy.jpg,698,931,flying termite,503,543,560,584
20180523_130423 - Copy.jpg,698,931,flying termite,497,456,561,497
20180523_130423 - Copy.jpg,698,931,flying termite,242,723,300,785
20180523_130423.jpg,931,698,flying termite,587,317,648,366
20180523_130423.jpg,931,698,flying termite,548,147,570,197
20180523_130423.jpg,931,698,flying termite,461,138,497,194
20180523_130423.jpg,931,698,flying termite,222,110,254,161
20180523_130423.jpg,931,698,flying termite,246,537,337,584
20180523_130423.jpg,931,698,flying termite,116,54,167,99
20180523_130423.jpg,931,698,flying termite,826,211,861,264
20180523_130423.jpg,931,698,flying termite,860,211,901,275
20180523_130423.jpg,931,698,flying termite,761,89,815,151
20180523_130428 - Copy.jpg,698,931,flying termite,319,304,376,356
20180523_130428 - Copy.jpg,698,931,flying termite,75,498,125,559
20180523_130428 - Copy.jpg,698,931,flying termite,102,717,164,760
20180523_130428 - Copy.jpg,698,931,flying termite,122,768,200,834
20180523_130428 - Copy.jpg,698,931,flying termite,179,764,260,825
20180523_130428 - Copy.jpg,698,931,flying termite,485,224,561,268
20180523_130428 - Copy.jpg,698,931,flying termite,474,261,553,301
20180523_130428.jpg,931,698,flying termite,489,582,566,620
20180523_130428.jpg,931,698,flying termite,727,538,768,602
20180523_130428.jpg,931,698,flying termite,117,576,179,610
20180523_130428.jpg,931,698,flying termite,771,453,823,520
20180523_130428.jpg,931,698,flying termite,771,514,820,575
20180523_130428.jpg,931,698,flying termite,265,151,302,220
20180523_130428.jpg,931,698,flying termite,227,146,271,212
20180523_130451.jpg,931,698,flying termite,581,362,609,410
20180523_130451.jpg,931,698,flying termite,607,366,646,417
20180523_130451.jpg,931,698,flying termite,802,269,853,313
20180523_130457 - Copy.jpg,698,931,flying termite,249,591,294,654
20180523_130457 - Copy.jpg,698,931,flying termite,274,249,343,284
20180523_130457 - Copy.jpg,698,931,flying termite,274,214,343,250
20180523_130457 - Copy.jpg,698,931,flying termite,69,14,117,83
20180523_130457 - Copy.jpg,698,931,flying termite,512,147,546,207
20180523_130457 - Copy.jpg,698,931,flying termite,588,722,660,774
20180523_130457 - Copy.jpg,698,931,flying termite,618,810,686,861
flesh flies_100.jpg,640,480,flesh fly,163,63,447,399
flesh flies_101.jpg,468,485,flesh fly,52,14,453,471
flesh flies_102.jpg,400,400,flesh fly,183,29,353,351
flesh flies_104.jpg,702,900,flesh fly,246,93,434,428
flesh flies_104.jpg,702,900,flesh fly,353,129,568,457
flesh flies_105.jpg,300,200,flesh fly,75,32,164,121
flesh flies_106.jpg,500,379,flesh fly,18,14,498,365
flesh flies_108.jpg,600,450,flesh fly,79,51,417,394
flesh flies_110.jpg,384,348,flesh fly,54,125,296,288
flesh flies_111.jpg,600,644,flesh fly,22,48,593,631
flesh flies_112.jpg,550,498,flesh fly,35,136,324,324
flesh flies_113.jpg,958,717,flesh fly,100,24,850,609
flesh flies_114.jpg,450,320,flesh fly,69,78,284,201
flesh flies_115.jpg,384,256,flesh fly,9,36,312,172
flesh flies_115.jpg,384,256,flesh fly,160,152,294,247
flesh flies_116.jpg,612,408,flesh fly,17,77,610,402
flesh flies_119.jpg,1000,667,flesh fly,82,106,761,642
flesh flies_121.jpg,800,550,flesh fly,40,39,690,373
flesh flies_123.jpg,480,358,flesh fly,48,26,444,328
flesh flies_125.jpg,450,320,flesh fly,160,88,414,287
flesh flies_126.jpg,612,408,flesh fly,222,37,564,353
flesh flies_128.jpg,400,400,flesh fly,91,104,319,305
flesh flies_129.jpg,800,600,flesh fly,35,28,627,581
flesh flies_131.jpg,384,373,flesh fly,74,64,296,328
flesh flies_132.jpg,640,480,flesh fly,170,103,476,385
flesh flies_133.jpg,800,599,flesh fly,153,108,650,480
flesh flies_135.jpg,600,410,flesh fly,166,69,294,210
flesh flies_135.jpg,600,410,flesh fly,298,226,445,346
flesh flies_136.jpg,600,450,flesh fly,94,34,426,430
flesh flies_138.jpg,450,300,flesh fly,65,36,343,260
flesh flies_139.jpg,770,600,flesh fly,32,34,664,567
flesh flies_140.jpg,1024,683,flesh fly,340,70,663,431
flesh flies_142.jpg,240,135,flesh fly,76,46,148,82
flesh flies_142.jpg,240,135,flesh fly,175,65,239,115
flesh flies_147.jpg,1000,663,flesh fly,422,136,829,373
flesh flies_147.jpg,1000,663,flesh fly,363,270,795,526
flesh flies_148.jpg,419,470,flesh fly,55,64,322,395
flesh flies_152.jpg,832,672,flesh fly,236,129,586,433
flesh flies_154.jpg,500,458,flesh fly,31,53,468,427
flesh flies_155.jpg,240,160,flesh fly,60,55,124,108
flesh flies_155.jpg,240,160,flesh fly,116,61,192,104
flesh flies_157.jpg,675,502,flesh fly,121,261,391,451
flesh flies_160.jpg,440,374,flesh fly,11,80,431,333
flesh flies_161.jpg,384,256,flesh fly,32,19,317,156
flesh flies_161.jpg,384,256,flesh fly,28,143,328,249
flesh flies_162.jpg,600,450,flesh fly,170,44,499,438
flesh flies_163.jpg,900,675,flesh fly,51,80,828,662
flesh flies_164.jpg,1020,1024,flesh fly,82,6,961,989
flesh flies_165.jpg,532,797,flesh fly,30,305,508,657
flesh flies_166.jpg,1000,605,flesh fly,26,66,959,539
flesh flies_168.jpg,150,150,flesh fly,2,29,150,127
flesh flies_169.jpg,450,300,flesh fly,11,34,383,260
flesh flies_171.jpg,337,212,flesh fly,81,32,270,156
flesh flies_172.jpg,480,360,flesh fly,137,93,308,261
flesh flies_173.jpg,468,379,flesh fly,10,33,453,363
flesh flies_174.jpg,960,540,flesh fly,223,149,673,387
flesh flies_175.jpg,300,300,flesh fly,11,46,284,261
flesh flies_176.jpg,500,500,flesh fly,30,118,457,439
flesh flies_178.jpg,666,690,flesh fly,63,25,633,652
flesh flies_180.jpg,560,517,flesh fly,136,62,434,465
flesh flies_182.jpg,693,648,flesh fly,50,118,580,551
flesh flies_184.jpg,368,280,flesh fly,76,31,316,233
flesh flies_186.jpg,800,533,flesh fly,67,55,796,508
flesh flies_187.jpg,768,700,flesh fly,168,181,628,568
flesh flies_188.jpg,360,240,flesh fly,34,80,286,182
flesh flies_191.jpg,1024,683,flesh fly,172,156,954,602
flesh flies_192.jpg,450,470,flesh fly,60,42,392,427
flesh flies_193.jpg,612,408,flesh fly,116,106,328,364
flesh flies_193.jpg,612,408,flesh fly,192,111,387,293
flesh flies_194.jpg,880,660,flesh fly,194,27,716,563
flesh flies_196.jpg,894,620,flesh fly,58,135,846,509
flesh flies_198.jpg,450,300,flesh fly,95,36,425,255
flesh flies_201.jpg,760,513,flesh fly,32,68,719,508
flesh flies_203.jpg,200,260,flesh fly,12,123,185,258
flesh flies_205.jpg,300,297,flesh fly,47,33,228,229
flesh flies_209.jpg,526,569,flesh fly,13,50,457,543
flesh flies_210.jpg,768,512,flesh fly,77,17,628,482
flesh flies_214.jpg,184,179,flesh fly,1,20,183,158
flesh flies_215.jpg,800,711,flesh fly,141,185,585,504
flesh flies_216.jpg,920,659,flesh fly,306,159,671,622
flesh flies_216.jpg,920,659,flesh fly,124,59,782,247
flesh flies_217.jpg,384,256,flesh fly,98,146,353,221
flesh flies_217.jpg,384,256,flesh fly,129,72,358,187
flesh flies_218.png,472,550,flesh fly,91,190,256,338
flesh flies_220.jpg,380,285,flesh fly,6,3,380,280
flesh flies_221.jpg,300,252,flesh fly,8,11,299,251
flesh flies_223.jpg,600,450,flesh fly,236,116,543,347
flesh flies_224.jpg,1024,536,flesh fly,11,16,1015,478
flesh flies_227.jpg,390,280,flesh fly,10,54,214,235
flesh flies_227.jpg,390,280,flesh fly,95,134,321,230
flesh flies_228.jpg,800,604,flesh fly,131,46,596,581
flesh flies_229.jpg,240,135,flesh fly,117,47,218,84
flesh flies_229.jpg,240,135,flesh fly,118,78,219,118
flesh flies_230.jpg,450,299,flesh fly,139,2,316,132
flesh flies_230.jpg,450,299,flesh fly,116,106,319,266
flesh flies_231.jpg,600,350,flesh fly,200,59,404,232
flesh flies_232.jpg,900,900,flesh fly,27,119,847,718
flesh flies_233.jpg,384,256,flesh fly,105,67,382,225
flesh flies_234.jpg,500,394,flesh fly,27,41,417,358
flesh flies_235.jpg,640,436,flesh fly,244,138,487,255
flesh flies_235.jpg,640,436,flesh fly,218,217,442,340
flesh flies_237.jpg,373,1088,flesh fly,19,4,293,131
flesh flies_237.jpg,373,1088,flesh fly,89,131,364,293
flesh flies_237.jpg,373,1088,flesh fly,20,325,362,591
flesh flies_237.jpg,373,1088,flesh fly,11,641,337,799
flesh flies_237.jpg,373,1088,flesh fly,26,859,348,1064
flesh flies_238.jpg,640,427,flesh fly,18,42,616,399
flesh flies_240.jpg,865,592,flesh fly,195,17,705,590
flesh flies_241.jpg,500,376,flesh fly,12,2,487,336
flesh flies_243.jpg,600,350,flesh fly,235,135,370,212
flesh flies_244.jpg,0,0,flesh fly,23,28,590,677
flesh flies_247.jpg,612,408,flesh fly,118,91,409,305
flesh flies_247.jpg,612,408,flesh fly,302,145,455,319
flesh flies_248.jpg,500,379,flesh fly,37,17,500,367
flesh flies_250.jpg,768,512,flesh fly,11,11,658,462
flesh flies_253.jpg,920,659,flesh fly,81,30,643,564
flesh flies_253.jpg,920,659,flesh fly,254,262,778,634
flesh flies_254.png,716,300,flesh fly,140,4,287,93
flesh flies_255.jpg,330,280,flesh fly,12,86,317,234
flesh flies_257.jpg,211,203,flesh fly,17,13,197,190
flesh flies_261.jpg,650,532,flesh fly,39,34,563,500
flesh flies_264.jpg,347,280,flesh fly,126,53,237,129
flesh flies_264.jpg,347,280,flesh fly,192,59,294,126
flesh flies_264.jpg,347,280,flesh fly,141,123,310,187
flesh flies_268.jpg,250,250,flesh fly,13,3,246,248
flesh flies_269.jpg,600,288,flesh fly,83,4,579,284
flesh flies_270.jpg,800,560,flesh fly,97,51,767,330
flesh flies_270.jpg,800,560,flesh fly,59,227,630,528
flesh flies_271.jpg,300,300,flesh fly,8,5,289,272
flesh flies_272.jpg,849,1084,flesh fly,161,280,602,612
flesh flies_273.jpg,750,563,flesh fly,151,2,581,555
flesh flies_276.jpg,300,273,flesh fly,46,8,296,273
flesh flies_277.jpg,647,691,flesh fly,54,50,599,659
flesh flies_278.jpg,508,338,flesh fly,112,46,388,302
flesh flies_280.jpg,960,960,flesh fly,68,117,909,896
flesh flies_281.jpg,894,596,flesh fly,134,33,834,545
flesh flies_282.jpg,620,348,flesh fly,262,154,449,296
flesh flies_283.jpg,324,400,flesh fly,34,29,284,365
flesh flies_284.jpg,640,480,flesh fly,136,69,523,401
flesh flies_287.jpg,384,256,flesh fly,20,79,348,249
flesh flies_288.jpg,410,307,flesh fly,31,6,376,231
flesh flies_288.jpg,410,307,flesh fly,44,155,368,307
flesh flies_291.jpg,542,560,flesh fly,6,25,542,547
flesh flies_292.jpg,0,0,flesh fly,48,3,243,184
flesh flies_298.jpg,800,535,flesh fly,212,25,659,374
flesh flies_298.jpg,800,535,flesh fly,203,206,604,449
flesh flies_299.jpg,960,720,flesh fly,73,187,523,679
flesh flies_300.jpg,288,192,flesh fly,82,16,207,168
flesh flies_58.jpg,300,214,flesh fly,8,21,199,136
flesh flies_58.jpg,300,214,flesh fly,75,73,203,197
flesh flies_61.jpg,500,299,flesh fly,2,18,498,292
flesh flies_62.jpg,600,350,flesh fly,126,53,473,324
flesh flies_63.jpg,526,434,flesh fly,48,46,463,396
flesh flies_65.jpg,371,248,flesh fly,14,26,362,241
flesh flies_67.jpg,800,715,flesh fly,83,23,721,690
flesh flies_68.jpg,300,199,flesh fly,44,38,221,171
flesh flies_70.jpg,450,300,flesh fly,73,50,374,271
flesh flies_72.jpg,480,360,flesh fly,166,52,468,219
flesh flies_72.jpg,480,360,flesh fly,60,143,403,304
flesh flies_73.jpg,400,300,flesh fly,28,4,347,256
flesh flies_75.jpg,800,533,flesh fly,123,21,580,507
flesh flies_76.jpg,336,360,flesh fly,46,45,269,336
flesh flies_77.jpg,800,600,flesh fly,174,109,667,325
flesh flies_77.jpg,800,600,flesh fly,115,250,673,528
flesh flies_79.jpg,800,600,flesh fly,23,62,776,565
flesh flies_81.jpg,919,657,flesh fly,113,15,844,643
flesh flies_82.jpg,737,747,flesh fly,36,165,474,720
flesh flies_82.jpg,737,747,flesh fly,242,11,720,668
flesh flies_83.jpg,300,341,flesh fly,84,56,221,218
flesh flies_85.jpg,550,458,flesh fly,129,61,513,297
flesh flies_85.jpg,550,458,flesh fly,54,187,407,396
flesh flies_86.jpg,190,190,flesh fly,1,66,187,148
flesh flies_87.jpg,600,450,flesh fly,28,69,534,438
flesh flies_89.jpg,760,660,flesh fly,23,21,760,624
flesh flies_90.jpg,560,420,flesh fly,199,91,478,391
flesh flies_90.jpg,560,420,flesh fly,74,124,378,404
flesh flies_92.jpg,900,600,flesh fly,89,5,659,592
flesh flies_93.jpg,620,348,flesh fly,113,80,406,295
flesh flies_97.jpg,452,651,flesh fly,115,21,340,353
flesh flies_97.jpg,452,651,flesh fly,32,150,412,633
flesh flies_98.jpg,600,430,flesh fly,70,4,459,429
flying termite_10.jpg,480,332,flying termite,55,75,432,232
flying termite_11.jpg,1024,662,flying termite,62,62,989,534
flying termite_12.jpg,600,419,flying termite,341,41,560,192
flying termite_13.jpg,480,360,flying termite,194,189,311,261
flying termite_15.jpg,480,360,flying termite,252,124,340,296
flying termite_16.jpg,450,250,flying termite,2,60,413,227
flying termite_17.jpg,400,400,flying termite,99,13,209,162
flying termite_17.jpg,400,400,flying termite,233,185,293,288
flying termite_17.jpg,400,400,flying termite,252,52,308,185
flying termite_17.jpg,400,400,flying termite,297,196,374,309
flying termite_17.jpg,400,400,flying termite,91,255,211,374
flying termite_17.jpg,400,400,flying termite,10,197,82,310
flying termite_17.jpg,400,400,flying termite,203,144,247,274
flying termite_17.jpg,400,400,flying termite,133,162,211,270
flying termite_17.jpg,400,400,flying termite,2,104,106,186
flying termite_17.jpg,400,400,flying termite,220,329,351,372
flying termite_19.jpg,800,550,flying termite,10,145,732,424
flying termite_2.jpg,800,500,flying termite,385,40,637,491
flying termite_21.jpg,425,340,flying termite,54,39,344,277
flying termite_23.jpg,480,360,flying termite,310,169,354,217
flying termite_23.jpg,480,360,flying termite,369,211,393,257
flying termite_23.jpg,480,360,flying termite,359,312,389,349
flying termite_23.jpg,480,360,flying termite,304,226,324,253
flying termite_23.jpg,480,360,flying termite,324,241,341,266
flying termite_23.jpg,480,360,flying termite,419,140,447,165
flying termite_23.jpg,480,360,flying termite,379,17,411,50
flying termite_23.jpg,480,360,flying termite,417,18,444,39
flying termite_23.jpg,480,360,flying termite,259,14,288,44
flying termite_23.jpg,480,360,flying termite,237,35,257,74
flying termite_23.jpg,480,360,flying termite,259,122,297,145
flying termite_23.jpg,480,360,flying termite,210,149,228,192
flying termite_23.jpg,480,360,flying termite,235,172,259,203
flying termite_23.jpg,480,360,flying termite,263,169,280,204
flying termite_23.jpg,480,360,flying termite,145,136,164,174
flying termite_23.jpg,480,360,flying termite,119,179,137,209
flying termite_23.jpg,480,360,flying termite,126,266,165,298
flying termite_23.jpg,480,360,flying termite,31,232,60,265
flying termite_23.jpg,480,360,flying termite,89,122,118,166
flying termite_23.jpg,480,360,flying termite,187,60,210,80
flying termite_23.jpg,480,360,flying termite,291,53,317,74
flying termite_23.jpg,480,360,flying termite,150,49,172,68
flying termite_23.jpg,480,360,flying termite,55,83,91,111
flying termite_23.jpg,480,360,flying termite,12,169,43,204
flying termite_23.jpg,480,360,flying termite,384,183,406,199
flying termite_23.jpg,480,360,flying termite,393,99,417,115
flying termite_24.jpg,174,170,flying termite,27,27,150,145
flying termite_28.jpg,400,273,flying termite,107,118,143,187
flying termite_28.jpg,400,273,flying termite,225,60,329,129
flying termite_28.jpg,400,273,flying termite,209,173,297,213
flying termite_28.jpg,400,273,flying termite,296,126,351,224
flying termite_28.jpg,400,273,flying termite,31,134,75,209
flying termite_28.jpg,400,273,flying termite,2,6,61,63
flying termite_28.jpg,400,273,flying termite,69,68,162,142
flying termite_28.jpg,400,273,flying termite,22,72,93,143
flying termite_28.jpg,400,273,flying termite,81,184,115,244
flying termite_28.jpg,400,273,flying termite,152,162,208,199
flying termite_29.jpg,640,480,flying termite,31,30,604,436
flying termite_3.jpg,592,437,flying termite,5,6,589,433
flying termite_34.jpg,843,568,flying termite,370,44,588,210
flying termite_34.jpg,843,568,flying termite,493,241,690,380
flying termite_34.jpg,843,568,flying termite,140,88,353,236
flying termite_34.jpg,843,568,flying termite,115,273,282,409
flying termite_34.jpg,843,568,flying termite,353,387,563,508
flying termite_37.jpg,0,0,flying termite,39,27,272,170
flying termite_38.jpg,590,545,flying termite,400,92,520,533
flying termite_4.jpg,640,388,flying termite,190,74,533,344
flying termite_41.jpg,480,360,flying termite,189,158,314,255
flying termite_43.jpg,480,360,flying termite,222,183,241,204
flying termite_43.jpg,480,360,flying termite,221,155,249,177
flying termite_43.jpg,480,360,flying termite,71,26,96,47
flying termite_43.jpg,480,360,flying termite,153,72,177,92
flying termite_43.jpg,480,360,flying termite,237,58,252,75
flying termite_43.jpg,480,360,flying termite,307,65,327,83
flying termite_43.jpg,480,360,flying termite,371,102,387,121
flying termite_43.jpg,480,360,flying termite,423,121,446,141
flying termite_43.jpg,480,360,flying termite,416,256,431,277
flying termite_43.jpg,480,360,flying termite,438,253,455,274
flying termite_43.jpg,480,360,flying termite,164,264,194,287
flying termite_43.jpg,480,360,flying termite,1,216,28,247
flying termite_43.jpg,480,360,flying termite,72,163,95,186
flying termite_43.jpg,480,360,flying termite,129,153,152,179
flying termite_43.jpg,480,360,flying termite,46,92,72,120
flying termite_43.jpg,480,360,flying termite,203,119,225,138
flying termite_43.jpg,480,360,flying termite,208,108,223,116
flying termite_43.jpg,480,360,flying termite,184,90,196,102
flying termite_43.jpg,480,360,flying termite,251,102,265,116
flying termite_43.jpg,480,360,flying termite,231,79,249,93
flying termite_43.jpg,480,360,flying termite,224,57,235,65
flying termite_43.jpg,480,360,flying termite,209,96,217,108
flying termite_43.jpg,480,360,flying termite,184,158,200,171
flying termite_43.jpg,480,360,flying termite,189,142,205,153
flying termite_43.jpg,480,360,flying termite,210,140,226,152
flying termite_43.jpg,480,360,flying termite,228,125,237,137
flying termite_43.jpg,480,360,flying termite,316,100,330,114
flying termite_43.jpg,480,360,flying termite,357,71,367,81
flying termite_43.jpg,480,360,flying termite,259,163,280,184
flying termite_43.jpg,480,360,flying termite,299,233,320,256
flying termite_43.jpg,480,360,flying termite,349,198,366,216
flying termite_43.jpg,480,360,flying termite,343,161,360,179
flying termite_43.jpg,480,360,flying termite,321,163,335,176
flying termite_43.jpg,480,360,flying termite,276,110,285,123
flying termite_43.jpg,480,360,flying termite,115,90,131,102
flying termite_43.jpg,480,360,flying termite,133,60,145,73
flying termite_43.jpg,480,360,flying termite,197,208,211,218
flying termite_43.jpg,480,360,flying termite,233,236,252,249
flying termite_43.jpg,480,360,flying termite,253,260,276,274
flying termite_43.jpg,480,360,flying termite,142,330,157,348
flying termite_43.jpg,480,360,flying termite,290,177,304,194
flying termite_43.jpg,480,360,flying termite,304,186,318,207
flying termite_43.jpg,480,360,flying termite,415,192,433,204
flying termite_43.jpg,480,360,flying termite,424,180,438,193
flying termite_43.jpg,480,360,flying termite,436,166,446,181
flying termite_43.jpg,480,360,flying termite,445,157,466,173
flying termite_43.jpg,480,360,flying termite,464,214,477,228
flying termite_43.jpg,480,360,flying termite,456,191,470,205
flying termite_43.jpg,480,360,flying termite,441,287,455,302
flying termite_43.jpg,480,360,flying termite,267,147,284,160
flying termite_43.jpg,480,360,flying termite,321,139,333,150
flying termite_43.jpg,480,360,flying termite,312,126,329,141
flying termite_43.jpg,480,360,flying termite,1,270,16,295
flying termite_44.jpg,500,333,flying termite,283,286,328,311
flying termite_44.jpg,500,333,flying termite,358,271,406,308
flying termite_44.jpg,500,333,flying termite,443,263,494,296
flying termite_44.jpg,500,333,flying termite,167,252,219,276
flying termite_44.jpg,500,333,flying termite,328,86,362,115
flying termite_44.jpg,500,333,flying termite,431,106,471,128
flying termite_44.jpg,500,333,flying termite,408,174,441,210
flying termite_44.jpg,500,333,flying termite,346,181,395,216
flying termite_44.jpg,500,333,flying termite,205,194,247,229
flying termite_44.jpg,500,333,flying termite,312,239,343,265
flying termite_44.jpg,500,333,flying termite,291,242,314,289
flying termite_44.jpg,500,333,flying termite,312,265,349,299
flying termite_44.jpg,500,333,flying termite,82,216,119,255
flying termite_44.jpg,500,333,flying termite,121,221,154,275
flying termite_44.jpg,500,333,flying termite,198,122,218,179
flying termite_44.jpg,500,333,flying termite,310,57,355,71
flying termite_44.jpg,500,333,flying termite,290,27,340,44
flying termite_44.jpg,500,333,flying termite,216,35,261,64
flying termite_44.jpg,500,333,flying termite,156,41,199,58
flying termite_51.jpg,800,500,flying termite,4,72,791,425
flying termite_52.jpg,350,266,flying termite,2,6,350,263
flying termite_53.jpg,383,324,flying termite,64,4,223,291
flying termite_54.jpg,236,236,flying termite,40,54,85,235
flying termite_54.jpg,236,236,flying termite,125,128,218,208
flying termite_54.jpg,236,236,flying termite,82,19,142,173
flying termite_57.jpg,480,360,flying termite,89,197,120,236
flying termite_57.jpg,480,360,flying termite,163,148,198,171
flying termite_57.jpg,480,360,flying termite,201,147,230,170
flying termite_57.jpg,480,360,flying termite,71,93,92,138
flying termite_57.jpg,480,360,flying termite,31,147,65,176
flying termite_57.jpg,480,360,flying termite,223,223,238,273
flying termite_6.jpg,640,457,flying termite,90,114,487,334
flying termite_60.jpg,600,577,flying termite,96,41,459,455
flying termite_61.jpg,638,400,flying termite,22,1,595,394
flying termite_63.jpg,267,679,flying termite,2,4,263,679
flying termite_66.jpg,250,145,flying termite,121,10,173,52
flying termite_66.jpg,250,145,flying termite,37,39,70,90
flying termite_66.jpg,250,145,flying termite,47,83,98,125
flying termite_66.jpg,250,145,flying termite,151,79,195,126
flying termite_71.jpg,600,388,flying termite,181,298,230,344
flying termite_71.jpg,600,388,flying termite,126,297,144,352
flying termite_71.jpg,600,388,flying termite,102,278,133,332
flying termite_71.jpg,600,388,flying termite,275,320,302,375
flying termite_71.jpg,600,388,flying termite,261,165,291,235
flying termite_71.jpg,600,388,flying termite,483,308,527,354
flying termite_71.jpg,600,388,flying termite,358,112,379,171
flying termite_71.jpg,600,388,flying termite,297,295,318,337
flying termite_71.jpg,600,388,flying termite,305,339,348,386
flying termite_71.jpg,600,388,flying termite,232,295,296,317
flying termite_71.jpg,600,388,flying termite,250,284,312,301
flying termite_71.jpg,600,388,flying termite,234,316,282,360
flying termite_71.jpg,600,388,flying termite,242,357,275,388
flying termite_71.jpg,600,388,flying termite,195,213,217,259
flying termite_71.jpg,600,388,flying termite,217,203,264,229
flying termite_71.jpg,600,388,flying termite,238,151,261,207
flying termite_71.jpg,600,388,flying termite,145,83,210,126
flying termite_71.jpg,600,388,flying termite,132,19,180,73
flying termite_71.jpg,600,388,flying termite,428,221,462,279
flying termite_71.jpg,600,388,flying termite,424,288,450,326
flying termite_71.jpg,600,388,flying termite,452,317,471,361
flying termite_71.jpg,600,388,flying termite,459,344,483,388
flying termite_72.jpg,480,360,flying termite,103,192,177,274
flying termite_72.jpg,480,360,flying termite,313,64,382,142
flying termite_78.jpg,0,0,flying termite,15,5,251,122
flying termite_8.jpg,367,493,flying termite,30,128,181,322
flying termite_8.jpg,367,493,flying termite,243,188,319,371
flying termite_8.jpg,367,493,flying termite,231,368,310,493
flying termite_8.jpg,367,493,flying termite,103,339,189,493
flying termite_8.jpg,367,493,flying termite,165,325,243,493
flying termite_8.jpg,367,493,flying termite,128,181,264,323
flying termite_8.jpg,367,493,flying termite,140,104,347,241
flying termite_8.jpg,367,493,flying termite,7,298,93,419
flying termite_8.jpg,367,493,flying termite,51,290,143,449
flying termite_82.jpg,278,283,flying termite,107,48,187,251
flying termite_84.jpg,560,516,flying termite,11,87,543,372
flying termite_88.jpg,640,480,flying termite,30,83,584,470
flying termite_91.jpg,600,388,flying termite,83,55,235,354
flying termite_91.jpg,600,388,flying termite,305,131,421,388
flying termite_93.jpg,500,367,flying termite,43,36,178,127
flying termite_93.jpg,500,367,flying termite,212,33,305,159
flying termite_93.jpg,500,367,flying termite,373,153,463,312
flying termite_95.jpg,900,506,flying termite,109,52,561,214
flying termite_95.jpg,900,506,flying termite,11,245,384,442
flying termite_95.jpg,900,506,flying termite,338,221,738,455
flying termite_95.jpg,900,506,flying termite,742,98,900,473
flying termite_96.jpg,800,400,flying termite,546,126,635,332
flying termite_98.jpg,500,375,flying termite,7,85,467,358
flying termite_99.jpg,1000,750,flying termite,124,216,396,467
ft10.jpg,436,582,flying termite,273,209,330,239
ft10.jpg,436,582,flying termite,255,468,311,504
ft10.jpg,436,582,flying termite,129,134,185,178
ft10.jpg,436,582,flying termite,166,95,224,168
ft101.jpg,582,436,flying termite,104,12,139,50
ft101.jpg,582,436,flying termite,168,89,205,138
ft101.jpg,582,436,flying termite,137,87,168,131
ft101.jpg,582,436,flying termite,304,148,339,177
ft101.jpg,582,436,flying termite,499,180,530,219
ft101.jpg,582,436,flying termite,482,279,512,321
ft101.jpg,582,436,flying termite,480,321,514,356
ft101.jpg,582,436,flying termite,448,335,480,369
ft101.jpg,582,436,flying termite,400,343,431,377
ft101.jpg,582,436,flying termite,308,364,350,395
ft101.jpg,582,436,flying termite,238,364,281,402
ft101.jpg,582,436,flying termite,189,200,224,235
ft101.jpg,582,436,flying termite,240,210,271,247
ft101.jpg,582,436,flying termite,130,294,167,327
ft101.jpg,582,436,flying termite,80,358,112,382
ft101.jpg,582,436,flying termite,64,224,118,261
ft101.jpg,582,436,flying termite,90,98,129,131
ft101.jpg,582,436,flying termite,197,288,236,311
ft101.jpg,582,436,flying termite,179,362,214,395
ft101.jpg,582,436,flying termite,122,353,155,379
ft104.jpg,582,436,flying termite,221,125,254,156
ft104.jpg,582,436,flying termite,329,237,356,281
ft104.jpg,582,436,flying termite,229,25,279,64
ft104.jpg,582,436,flying termite,109,62,164,97
ft104.jpg,582,436,flying termite,5,90,40,127
ft104.jpg,582,436,flying termite,38,135,74,164
ft104.jpg,582,436,flying termite,62,196,92,238
ft104.jpg,582,436,flying termite,38,188,65,233
ft104.jpg,582,436,flying termite,93,283,132,323
ft104.jpg,582,436,flying termite,168,286,208,318
ft104.jpg,582,436,flying termite,235,264,267,306
ft104.jpg,582,436,flying termite,275,237,290,286
ft104.jpg,582,436,flying termite,387,334,422,373
ft104.jpg,582,436,flying termite,501,259,522,300
ft104.jpg,582,436,flying termite,517,193,555,251
ft11.jpg,436,582,flying termite,281,136,353,204
ft11.jpg,436,582,flying termite,318,206,378,231
ft11.jpg,436,582,flying termite,72,373,133,400
ft11.jpg,436,582,flying termite,236,383,301,424
ft11.jpg,436,582,flying termite,319,382,375,439
ft11.jpg,436,582,flying termite,306,291,373,311
ft12.jpg,436,582,flying termite,287,122,366,201
ft12.jpg,436,582,flying termite,324,194,391,224
ft12.jpg,436,582,flying termite,310,279,386,329
ft12.jpg,436,582,flying termite,303,331,371,379
ft12.jpg,436,582,flying termite,327,374,388,437
ft12.jpg,436,582,flying termite,236,377,307,419
ft12.jpg,436,582,flying termite,61,354,135,396
ft13.jpg,436,582,flying termite,225,243,288,286
ft13.jpg,436,582,flying termite,326,351,378,409
ft13.jpg,436,582,flying termite,166,500,214,554
ft53.jpg,582,436,flying termite,307,116,340,146
ft53.jpg,582,436,flying termite,294,54,323,84
ft53.jpg,582,436,flying termite,480,373,506,408
ft53.jpg,582,436,flying termite,524,172,563,195
ft54.jpg,582,436,flying termite,254,109,285,144
ft54.jpg,582,436,flying termite,258,164,282,190
ft54.jpg,582,436,flying termite,271,179,310,212
ft54.jpg,582,436,flying termite,94,253,118,291
ft54.jpg,582,436,flying termite,89,340,108,374
ft54.jpg,582,436,flying termite,79,384,111,417
ft54.jpg,582,436,flying termite,106,378,141,405
ft54.jpg,582,436,flying termite,138,381,162,420
ft54.jpg,582,436,flying termite,186,386,204,421
ft54.jpg,582,436,flying termite,201,368,241,411
ft54.jpg,582,436,flying termite,323,367,343,400
ft54.jpg,582,436,flying termite,460,378,481,411
ft54.jpg,582,436,flying termite,503,324,539,351
ft54.jpg,582,436,flying termite,91,118,132,134
ft54.jpg,582,436,flying termite,412,143,445,173
ft55.jpg,582,436,flying termite,370,101,395,135
ft55.jpg,582,436,flying termite,176,139,219,176
ft55.jpg,582,436,flying termite,240,369,265,403
ft55.jpg,582,436,flying termite,92,369,130,390
ft55.jpg,582,436,flying termite,39,229,59,258
ft60.jpg,436,582,flying termite,203,507,252,534
ft60.jpg,436,582,flying termite,313,520,354,547
ft60.jpg,436,582,flying termite,342,363,385,412
ft60.jpg,436,582,flying termite,367,410,406,430
ft60.jpg,436,582,flying termite,361,458,400,494
ft60.jpg,436,582,flying termite,352,491,399,524
ft60.jpg,436,582,flying termite,364,520,403,561
ft60.jpg,436,582,flying termite,48,303,84,343
ft60.jpg,436,582,flying termite,52,490,77,531
ft60.jpg,436,582,flying termite,356,85,397,102
ft60.jpg,436,582,flying termite,345,244,385,268
ft60.jpg,436,582,flying termite,290,16,325,60
ft60.jpg,436,582,flying termite,87,127,105,165
ft60.jpg,436,582,flying termite,127,279,154,325
ft98.jpg,582,436,flying termite,381,81,431,119
ft98.jpg,582,436,flying termite,539,64,574,110
ft98.jpg,582,436,flying termite,520,221,557,257
ft98.jpg,582,436,flying termite,467,234,492,274
ft98.jpg,582,436,flying termite,477,374,508,404
ft98.jpg,582,436,flying termite,268,203,290,250
ft98.jpg,582,436,flying termite,325,116,366,155
ft98.jpg,582,436,flying termite,315,174,351,205
ft98.jpg,582,436,flying termite,380,259,408,296
ft98.jpg,582,436,flying termite,408,256,434,306
ft98.jpg,582,436,flying termite,453,135,493,158
ft98.jpg,582,436,flying termite,184,285,227,343
ft98.jpg,582,436,flying termite,185,198,215,240
ft98.jpg,582,436,flying termite,106,310,148,351
ft98.jpg,582,436,flying termite,31,338,49,372
ft98.jpg,582,436,flying termite,43,211,71,249
green bottles flies_101.jpg,432,336,green bottles fly,67,38,330,292
green bottles flies_104.jpg,250,250,green bottles fly,2,31,250,239
green bottles flies_105.jpg,800,710,green bottles fly,33,12,618,592
green bottles flies_114.jpg,520,536,green bottles fly,82,44,371,496
green bottles flies_115.jpg,226,226,green bottles fly,1,1,225,225
green bottles flies_117.jpg,240,195,green bottles fly,65,69,140,121
green bottles flies_120.jpg,344,222,green bottles fly,42,3,307,204
green bottles flies_122.jpg,240,160,green bottles fly,82,5,214,132
green bottles flies_125.jpg,870,690,green bottles fly,82,48,809,686
green bottles flies_126.jpg,870,491,green bottles fly,212,69,605,430
green bottles flies_127.jpg,640,427,green bottles fly,16,41,618,398
green bottles flies_129.jpg,365,280,green bottles fly,86,37,303,233
green bottles flies_130.jpg,480,360,green bottles fly,65,36,270,353
green bottles flies_131.jpg,800,400,green bottles fly,217,37,655,366
green bottles flies_135.jpg,282,282,green bottles fly,34,3,270,217
green bottles flies_136.jpg,500,500,green bottles fly,11,60,423,433
green bottles flies_142.jpg,520,542,green bottles fly,48,34,460,507
green bottles flies_145.png,355,294,green bottles fly,117,72,278,229
green bottles flies_150.jpg,316,240,green bottles fly,40,112,181,192
green bottles flies_151.jpg,350,233,green bottles fly,101,25,226,191
green bottles flies_152.jpg,730,487,green bottles fly,134,90,726,487
green bottles flies_157.jpg,468,448,green bottles fly,74,93,422,393
green bottles flies_159.jpg,347,280,green bottles fly,115,58,309,192
green bottles flies_160.jpg,450,394,green bottles fly,3,1,438,384
green bottles flies_162.jpg,900,649,green bottles fly,78,93,806,556
green bottles flies_163.jpg,960,789,green bottles fly,218,152,751,578
green bottles flies_170.jpg,440,469,green bottles fly,11,16,434,459
green bottles flies_171.jpg,260,182,green bottles fly,1,54,191,177
green bottles flies_172.jpg,630,435,green bottles fly,104,80,522,378
green bottles flies_177.jpg,788,700,green bottles fly,111,68,706,646
green bottles flies_182.jpg,509,337,green bottles fly,27,34,89,95
green bottles flies_182.jpg,509,337,green bottles fly,62,153,122,219
green bottles flies_182.jpg,509,337,green bottles fly,26,216,82,277
green bottles flies_182.jpg,509,337,green bottles fly,89,75,142,139
green bottles flies_182.jpg,509,337,green bottles fly,103,5,166,63
green bottles flies_182.jpg,509,337,green bottles fly,244,2,305,64
green bottles flies_182.jpg,509,337,green bottles fly,307,46,350,123
green bottles flies_182.jpg,509,337,green bottles fly,171,84,220,165
green bottles flies_182.jpg,509,337,green bottles fly,265,274,318,337
green bottles flies_182.jpg,509,337,green bottles fly,354,159,416,220
green bottles flies_182.jpg,509,337,green bottles fly,171,215,226,286
green bottles flies_182.jpg,509,337,green bottles fly,433,69,486,129
green bottles flies_182.jpg,509,337,green bottles fly,383,57,434,123
green bottles flies_182.jpg,509,337,green bottles fly,341,102,394,157
green bottles flies_182.jpg,509,337,green bottles fly,131,211,171,291
green bottles flies_182.jpg,509,337,green bottles fly,310,168,351,245
green bottles flies_192.jpeg,750,500,green bottles fly,225,112,537,358
green bottles flies_195.jpg,739,493,green bottles fly,257,353,342,432
green bottles flies_201.jpg,640,447,green bottles fly,321,34,559,269
green bottles flies_202.jpg,800,1088,green bottles fly,324,235,770,563
green bottles flies_203.jpg,750,555,green bottles fly,394,262,624,473
green bottles flies_208.jpg,390,280,green bottles fly,196,57,329,178
green bottles flies_210.jpg,960,720,green bottles fly,36,199,541,650
green bottles flies_212.jpg,330,280,green bottles fly,14,28,316,253
green bottles flies_218.jpg,513,340,green bottles fly,220,101,320,235
green bottles flies_219.jpg,400,485,green bottles fly,16,7,360,437
green bottles flies_220.jpg,450,367,green bottles fly,6,7,426,361
green bottles flies_231.jpg,448,387,green bottles fly,28,11,440,372
green bottles flies_233.jpg,243,287,green bottles fly,7,8,219,258
green bottles flies_235.jpg,424,343,green bottles fly,6,4,417,343
green bottles flies_238.jpg,225,195,green bottles fly,21,25,181,135
green bottles flies_239.jpg,300,236,green bottles fly,9,6,284,230
green bottles flies_240.jpg,640,534,green bottles fly,80,99,559,483
green bottles flies_241.jpg,758,427,green bottles fly,163,9,646,421
green bottles flies_243.jpg,200,150,green bottles fly,12,4,173,146
green bottles flies_246.jpg,250,250,green bottles fly,12,2,242,249
green bottles flies_250.jpg,300,284,green bottles fly,58,63,257,241
green bottles flies_253.jpg,640,640,green bottles fly,75,38,636,632
green bottles flies_255.jpg,640,480,green bottles fly,154,100,438,374
green bottles flies_260.png,418,217,green bottles fly,21,3,418,185
green bottles flies_261.jpg,400,265,green bottles fly,64,16,370,235
green bottles flies_262.jpg,300,259,green bottles fly,4,3,300,217
green bottles flies_267.jpg,399,299,green bottles fly,20,57,355,291
green bottles flies_268.jpg,520,367,green bottles fly,56,53,445,288
green bottles flies_271.jpg,300,212,green bottles fly,82,20,235,182
green bottles flies_273.jpg,634,423,green bottles fly,121,39,506,372
green bottles flies_274.jpg,390,280,green bottles fly,7,49,250,202
green bottles flies_278.jpg,850,1110,green bottles fly,99,377,734,923
green bottles flies_280.jpg,800,943,green bottles fly,270,241,682,651
green bottles flies_281.jpg,640,640,green bottles fly,95,44,596,538
green bottles flies_284.jpg,468,348,green bottles fly,44,14,425,343
green bottles flies_285.jpg,893,605,green bottles fly,4,4,888,534
green bottles flies_288.jpg,500,524,green bottles fly,71,35,392,473
green bottles flies_290.jpg,300,267,green bottles fly,114,37,263,206
green bottles flies_291.jpg,400,283,green bottles fly,47,7,330,280
green bottles flies_292.jpg,448,336,green bottles fly,114,65,345,282
green bottles flies_293.jpg,784,671,green bottles fly,113,43,586,518
green bottles flies_294.jpg,350,262,green bottles fly,10,13,339,251
green bottles flies_296.jpg,800,589,green bottles fly,294,238,571,434
green bottles flies_299.jpg,400,300,green bottles fly,1,5,337,259
green bottles flies_316.jpg,800,600,green bottles fly,202,164,605,441
green bottles flies_319.jpg,960,640,green bottles fly,33,141,564,523
green bottles flies_322.jpg,254,250,green bottles fly,6,12,212,221
green bottles flies_323.jpg,425,282,green bottles fly,175,13,351,200
green bottles flies_325.jpg,400,400,green bottles fly,23,52,400,307
green bottles flies_326.jpg,300,199,green bottles fly,36,32,268,187
green bottles flies_329.jpg,300,277,green bottles fly,56,43,143,136
green bottles flies_331.jpg,400,267,green bottles fly,76,50,326,237
green bottles flies_333.jpg,960,460,green bottles fly,89,1,797,380
green bottles flies_340.jpg,602,401,green bottles fly,175,10,447,327
green bottles flies_343.jpg,800,632,green bottles fly,215,21,748,529
green bottles flies_351.jpg,677,596,green bottles fly,24,8,616,563
green bottles flies_360.jpg,390,280,green bottles fly,147,56,371,212
green bottles flies_362.jpg,450,320,green bottles fly,156,108,296,211
green bottles flies_363.png,350,280,green bottles fly,9,46,350,229
green bottles flies_368.png,300,168,green bottles fly,46,3,278,152
green bottles flies_380.jpg,514,600,green bottles fly,158,105,364,444
green bottles flies_381.jpg,288,214,green bottles fly,26,8,269,189
green bottles flies_382.jpg,440,465,green bottles fly,81,147,368,348
green bottles flies_383.jpg,260,186,green bottles fly,27,13,193,165
green bottles flies_385.jpg,680,402,green bottles fly,60,158,325,369
green bottles flies_386.jpg,400,265,green bottles fly,140,47,336,200
green bottles flies_394.jpg,800,613,green bottles fly,280,49,711,414
green bottles flies_395.jpg,640,427,green bottles fly,14,4,448,324
green bottles flies_399.jpg,720,609,green bottles fly,93,40,657,497
green bottles flies_400.jpg,634,421,green bottles fly,172,100,471,336
green bottles flies_64.jpg,350,237,green bottles fly,31,41,275,198
green bottles flies_65.png,320,180,green bottles fly,70,20,273,169
green bottles flies_66.jpg,450,330,green bottles fly,225,45,363,191
green bottles flies_68.jpg,390,280,green bottles fly,39,18,357,236
green bottles flies_72.jpg,500,341,green bottles fly,14,138,173,323
green bottles flies_72.jpg,500,341,green bottles fly,231,28,319,169
green bottles flies_72.jpg,500,341,green bottles fly,368,165,479,285
green bottles flies_74.jpg,500,423,green bottles fly,47,5,484,415
green bottles flies_76.jpg,272,194,green bottles fly,76,31,157,122
green bottles flies_77.jpg,432,339,green bottles fly,85,20,411,326
green bottles flies_78.jpg,552,414,green bottles fly,105,41,466,345
green bottles flies_79.jpg,500,500,green bottles fly,6,5,458,416
green bottles flies_80.jpg,760,637,green bottles fly,60,12,685,579
green bottles flies_81.jpg,450,300,green bottles fly,157,124,263,235
green bottles flies_83.jpg,270,445,green bottles fly,11,10,259,443
green bottles flies_89.jpg,300,220,green bottles fly,23,6,285,196
green bottles flies_93.jpg,300,200,green bottles fly,5,3,261,187
green bottles flies_94.jpg,468,435,green bottles fly,38,12,386,420
green bottles flies_95.jpg,240,160,green bottles fly,34,3,180,146
green bottles flies_98.jpg,320,213,green bottles fly,14,14,237,190
green bottles flies_99.jpg,390,280,green bottles fly,166,43,337,179
house flies_100.jpg,680,374,house fly,2,19,568,363
house flies_101.jpg,1976,1976,house fly,366,641,1617,1680
house flies_104.jpg,857,628,house fly,52,40,742,578
house flies_105.jpg,1900,450,house fly,599,4,1699,450
house flies_106.jpg,1600,1700,house fly,19,62,793,523
house flies_106.jpg,1600,1700,house fly,925,34,1546,460
house flies_106.jpg,1600,1700,house fly,21,542,849,1063
house flies_106.jpg,1600,1700,house fly,818,484,1574,949
house flies_106.jpg,1600,1700,house fly,37,1116,690,1586
house flies_106.jpg,1600,1700,house fly,851,1028,1567,1572
house flies_108.jpg,600,406,house fly,28,1,557,406
house flies_109.jpg,1178,987,house fly,99,246,623,843
house flies_111.jpg,500,332,house fly,26,103,310,298
house flies_113.jpg,768,768,house fly,374,126,656,331
house flies_113.jpg,768,768,house fly,401,433,612,683
house flies_114.jpg,570,380,house fly,138,15,500,362
house flies_116.jpg,221,150,house fly,7,12,199,150
house flies_117.jpg,500,370,house fly,110,59,400,306
house flies_118.jpg,600,320,house fly,81,50,399,304
house flies_120.jpg,700,394,house fly,109,11,614,393
house flies_123.jpg,609,612,house fly,56,54,378,303
house flies_123.jpg,609,612,house fly,174,241,550,569
house flies_125.jpg,1300,959,house fly,45,469,446,748
house flies_125.jpg,1300,959,house fly,217,196,412,466
house flies_125.jpg,1300,959,house fly,507,263,882,617
house flies_125.jpg,1300,959,house fly,961,183,1164,485
house flies_125.jpg,1300,959,house fly,629,62,851,286
house flies_126.jpg,450,311,house fly,9,51,440,290
house flies_127.jpg,600,336,house fly,224,144,438,283
house flies_128.jpg,838,471,house fly,113,69,597,415
house flies_129.jpg,848,220,house fly,131,1,537,220
house flies_130.jpg,450,299,house fly,1,58,412,289
house flies_131.jpg,300,248,house fly,80,80,235,196
house flies_132.jpg,200,158,house fly,11,4,195,158
house flies_133.jpg,1170,468,house fly,228,43,564,420
house flies_134.jpg,750,428,house fly,35,104,424,326
house flies_137.jpg,250,250,house fly,16,69,223,185
house flies_138.jpg,300,220,house fly,11,28,247,194
house flies_139.jpg,464,519,house fly,5,5,449,505
house flies_140.jpg,480,350,house fly,49,26,401,339
house flies_142.jpg,600,450,house fly,82,74,520,421
house flies_143.jpg,620,329,house fly,1,110,284,280
house flies_143.jpg,620,329,house fly,277,182,499,329
house flies_143.jpg,620,329,house fly,346,25,600,182
house flies_144.jpg,300,279,house fly,19,39,281,211
house flies_146.jpg,380,250,house fly,71,55,314,211
house flies_149.jpg,500,339,house fly,2,16,233,320
house flies_149.jpg,500,339,house fly,210,5,464,333
house flies_150.jpg,360,240,house fly,21,40,340,205
house flies_151.jpg,940,440,house fly,128,37,768,436
house flies_154.jpg,1280,720,house fly,182,39,1196,703
house flies_155.jpg,560,400,house fly,72,8,510,400
house flies_156.jpg,450,300,house fly,33,26,392,264
house flies_157.jpg,604,340,house fly,58,92,311,264
house flies_158.jpg,928,619,house fly,64,14,701,577
house flies_159.jpg,300,286,house fly,1,50,297,265
house flies_161.jpg,500,500,house fly,20,59,480,441
house flies_163.png,768,432,house fly,224,60,549,354
house flies_164.jpg,499,349,house fly,141,107,458,318
house flies_166.jpg,800,595,house fly,174,113,633,497
house flies_167.jpg,559,603,house fly,74,87,357,436
house flies_168.jpg,300,300,house fly,27,18,290,250
house flies_171.jpg,650,433,house fly,185,157,510,363
house flies_174.png,300,200,house fly,24,3,226,187
house flies_175.jpg,250,250,house fly,29,14,213,233
house flies_176.jpg,600,450,house fly,164,43,502,436
house flies_177.jpg,387,300,house fly,16,2,364,292
house flies_178.jpg,450,321,house fly,118,69,308,216
house flies_179.jpg,825,465,house fly,219,53,562,386
house flies_180.jpg,540,540,house fly,100,11,540,353
house flies_181.jpg,800,800,house fly,141,49,610,657
house flies_183.jpg,740,413,house fly,108,50,712,348
house flies_184.jpg,1030,824,house fly,24,41,995,783
house flies_186.jpg,500,332,house fly,173,70,312,292
house flies_187.jpg,320,308,house fly,12,2,290,303
house flies_188.jpg,410,302,house fly,27,28,394,288
house flies_189.jpg,1200,516,house fly,298,1,992,514
house flies_190.jpg,800,600,house fly,253,180,546,386
house flies_191.jpg,340,225,house fly,45,15,282,205
house flies_192.jpg,519,389,house fly,44,62,449,348
house flies_193.jpg,484,363,house fly,17,37,424,321
house flies_194.png,275,206,house fly,64,28,225,181
house flies_198.jpg,620,465,house fly,67,46,401,321
house flies_199.jpg,200,150,house fly,32,13,140,124
house flies_201.jpg,727,483,house fly,450,95,593,361
house flies_202.png,300,200,house fly,3,14,258,191
house flies_203.png,250,286,house fly,40,56,224,221
house flies_204.jpg,284,160,house fly,53,1,183,123
house flies_205.jpg,400,284,house fly,65,62,330,284
house flies_206.jpg,378,384,house fly,1,12,322,344
house flies_208.jpg,1025,1025,house fly,130,148,875,861
house flies_209.jpg,650,433,house fly,66,32,433,373
house flies_210.jpg,480,505,house fly,1,1,470,487
house flies_211.jpg,2117,1734,house fly,149,1,910,484
house flies_211.jpg,2117,1734,house fly,82,704,894,1277
house flies_211.jpg,2117,1734,house fly,528,365,1282,1009
house flies_211.jpg,2117,1734,house fly,960,951,1535,1668
house flies_211.jpg,2117,1734,house fly,1303,606,2060,1261
house flies_211.jpg,2117,1734,house fly,1259,209,1957,597
house flies_212.png,300,300,house fly,61,101,276,201
house flies_213.jpg,650,532,house fly,42,28,544,511
house flies_214.jpg,600,450,house fly,157,10,490,421
house flies_215.jpg,250,323,house fly,13,14,247,298
house flies_216.jpg,425,282,house fly,70,42,367,228
house flies_217.jpg,1024,768,house fly,48,64,279,270
house flies_217.jpg,1024,768,house fly,356,36,564,262
house flies_217.jpg,1024,768,house fly,684,70,944,253
house flies_217.jpg,1024,768,house fly,57,324,294,475
house flies_217.jpg,1024,768,house fly,336,250,598,476
house flies_217.jpg,1024,768,house fly,695,289,950,507
house flies_217.jpg,1024,768,house fly,36,551,320,697
house flies_217.jpg,1024,768,house fly,387,534,667,693
house flies_217.jpg,1024,768,house fly,735,530,964,710
house flies_218.jpg,170,170,house fly,28,43,142,132
house flies_219.jpg,352,272,house fly,36,27,324,244
house flies_220.jpg,600,407,house fly,342,194,508,310
house flies_221.jpg,468,499,house fly,43,1,441,485
house flies_223.jpg,616,654,house fly,71,10,603,652
house flies_224.jpg,300,300,house fly,3,144,142,230
house flies_224.jpg,300,300,house fly,140,181,241,262
house flies_224.jpg,300,300,house fly,174,106,295,175
house flies_224.jpg,300,300,house fly,39,121,62,142
house flies_224.jpg,300,300,house fly,34,68,67,115
house flies_224.jpg,300,300,house fly,65,107,93,138
house flies_224.jpg,300,300,house fly,104,89,130,121
house flies_224.jpg,300,300,house fly,68,61,90,88
house flies_224.jpg,300,300,house fly,69,80,99,110
house flies_224.jpg,300,300,house fly,120,74,151,101
house flies_224.jpg,300,300,house fly,86,41,113,61
house flies_224.jpg,300,300,house fly,154,48,184,77
house flies_224.jpg,300,300,house fly,128,54,153,79
house flies_224.jpg,300,300,house fly,110,47,134,70
house flies_224.jpg,300,300,house fly,151,80,187,126
house flies_225.jpg,540,343,house fly,12,50,535,304
house flies_226.jpg,246,168,house fly,66,39,191,135
house flies_227.jpg,450,319,house fly,1,1,87,78
house flies_227.jpg,450,319,house fly,71,50,153,141
house flies_227.jpg,450,319,house fly,7,130,99,215
house flies_227.jpg,450,319,house fly,13,214,94,295
house flies_227.jpg,450,319,house fly,107,216,200,290
house flies_227.jpg,450,319,house fly,136,128,210,216
house flies_227.jpg,450,319,house fly,171,19,262,96
house flies_227.jpg,450,319,house fly,221,203,301,288
house flies_227.jpg,450,319,house fly,237,99,315,180
house flies_227.jpg,450,319,house fly,264,31,344,119
house flies_227.jpg,450,319,house fly,365,20,441,103
house flies_227.jpg,450,319,house fly,350,114,434,195
house flies_227.jpg,450,319,house fly,321,212,414,294
house flies_228.jpg,700,394,house fly,157,82,690,385
house flies_229.jpg,480,321,house fly,103,40,417,288
house flies_230.jpg,250,173,house fly,37,19,212,148
house flies_231.jpg,425,282,house fly,81,29,339,234
house flies_232.jpg,300,220,house fly,23,8,295,209
house flies_233.jpg,700,467,house fly,74,215,249,387
house flies_233.jpg,700,467,house fly,270,153,447,352
house flies_233.jpg,700,467,house fly,380,139,581,318
house flies_234.jpg,700,394,house fly,132,29,607,394
house flies_236.png,381,299,house fly,76,48,312,273
house flies_237.jpg,308,231,house fly,112,87,191,154
house flies_238.jpg,1280,720,house fly,338,1,956,559
house flies_238.jpg,1280,720,house fly,1,47,407,660
house flies_239.jpg,300,210,house fly,13,47,238,200
house flies_240.jpg,729,1104,house fly,108,521,278,656
house flies_240.jpg,729,1104,house fly,311,541,462,703
house flies_240.jpg,729,1104,house fly,378,440,547,576
house flies_240.jpg,729,1104,house fly,445,573,609,707
house flies_240.jpg,729,1104,house fly,161,784,312,933
house flies_241.jpg,312,264,house fly,16,21,284,230
house flies_243.jpg,960,638,house fly,252,49,737,586
house flies_245.jpg,380,285,house fly,85,94,254,234
house flies_249.jpg,0,0,house fly,67,39,250,221
house flies_250.jpg,1280,855,house fly,413,98,1198,577
house flies_254.jpg,714,800,house fly,96,133,598,660
house flies_255.jpg,1280,720,house fly,215,1,1259,612
house flies_258.jpg,425,282,house fly,156,50,345,197
house flies_259.jpg,400,266,house fly,54,36,332,218
house flies_260.jpg,632,200,house fly,91,14,349,200
house flies_261.png,575,380,house fly,48,5,575,365
house flies_262.png,620,400,house fly,33,93,252,322
house flies_264.jpg,800,606,house fly,190,124,666,468
house flies_266.jpg,225,168,house fly,33,69,143,149
house flies_267.jpg,300,300,house fly,24,35,289,286
house flies_269.jpg,1300,1155,house fly,78,195,431,582
house flies_269.jpg,1300,1155,house fly,410,305,753,741
house flies_269.jpg,1300,1155,house fly,680,616,1149,935
house flies_269.jpg,1300,1155,house fly,697,298,1128,648
house flies_270.jpg,432,336,house fly,72,54,325,287
house flies_275.jpg,960,644,house fly,165,31,761,625
house flies_277.jpg,1678,1119,house fly,270,94,1382,1077
house flies_278.jpg,1200,628,house fly,822,246,1184,518
house flies_281.jpg,640,507,house fly,31,18,626,485
house flies_285.png,243,243,house fly,2,69,243,202
house flies_286.jpg,800,600,house fly,383,169,743,432
house flies_287.jpg,728,546,house fly,356,233,581,459
house flies_288.jpg,1280,720,house fly,235,345,1275,720
house flies_291.jpg,647,651,house fly,110,317,575,570
house flies_293.jpg,700,500,house fly,125,62,554,432
house flies_295.jpg,300,231,house fly,18,7,283,216
house flies_299.jpg,860,569,house fly,377,181,524,394
house flies_300.jpg,450,300,house fly,106,39,388,296
house flies_303.jpg,611,500,house fly,65,60,557,466
house flies_304.jpg,221,199,house fly,8,6,205,196
house flies_309.jpg,800,450,house fly,137,111,415,364
house flies_311.jpg,701,455,house fly,20,54,122,168
house flies_311.jpg,701,455,house fly,135,38,235,171
house flies_311.jpg,701,455,house fly,250,35,345,184
house flies_311.jpg,701,455,house fly,475,33,569,173
house flies_311.jpg,701,455,house fly,369,44,456,116
house flies_311.jpg,701,455,house fly,593,44,688,124
house flies_311.jpg,701,455,house fly,594,144,680,226
house flies_311.jpg,701,455,house fly,485,195,564,283
house flies_311.jpg,701,455,house fly,364,136,466,272
house flies_311.jpg,701,455,house fly,251,201,344,291
house flies_311.jpg,701,455,house fly,134,196,238,339
house flies_311.jpg,701,455,house fly,24,202,120,333
house flies_311.jpg,701,455,house fly,32,357,113,444
house flies_311.jpg,701,455,house fly,136,357,235,447
house flies_311.jpg,701,455,house fly,252,304,349,439
house flies_311.jpg,701,455,house fly,364,297,459,448
house flies_311.jpg,701,455,house fly,482,301,581,433
house flies_311.jpg,701,455,house fly,591,246,689,335
house flies_313.jpg,1000,667,house fly,268,204,677,515
house flies_316.jpg,570,380,house fly,153,20,536,355
house flies_317.jpg,550,337,house fly,24,16,549,312
house flies_321.jpg,440,469,house fly,14,23,431,456
house flies_322.jpg,700,394,house fly,140,71,458,331
house flies_323.jpg,750,500,house fly,1,1,721,497
house flies_326.jpg,250,223,house fly,9,29,249,221
house flies_327.jpg,900,720,house fly,142,178,775,595
house flies_328.jpg,450,331,house fly,13,8,443,331
house flies_329.jpg,850,320,house fly,141,38,582,319
house flies_331.jpg,500,350,house fly,1,24,301,307
house flies_331.jpg,500,350,house fly,248,83,431,304
house flies_332.jpg,374,244,house fly,101,67,311,195
house flies_333.jpg,380,300,house fly,138,67,366,254
house flies_334.jpg,600,338,house fly,19,75,590,324
house flies_335.jpg,275,183,house fly,51,35,269,164
house flies_336.png,319,236,house fly,20,27,280,233
house flies_337.jpg,1192,728,house fly,109,175,1079,697
house flies_338.jpg,736,629,house fly,1,25,236,262
house flies_339.jpg,1920,650,house fly,1332,36,1798,650
house flies_348.jpg,960,720,house fly,512,147,723,421
house flies_348.jpg,960,720,house fly,686,149,902,442
house flies_348.jpg,960,720,house fly,556,433,733,684
house flies_348.jpg,960,720,house fly,707,433,904,712
house flies_350.jpg,640,439,house fly,221,128,507,344
house flies_351.jpg,634,423,house fly,49,53,585,398
house flies_352.jpg,1500,1000,house fly,18,16,1487,957
house flies_357.png,300,200,house fly,70,22,212,174
house flies_361.jpg,380,300,house fly,113,59,322,213
house flies_364.jpg,560,512,house fly,24,9,512,447
house flies_365.jpg,500,341,house fly,109,53,401,299
house flies_367.jpg,1280,960,house fly,55,157,1279,956
house flies_368.jpg,800,448,house fly,60,68,559,390
house flies_372.jpg,1280,640,house fly,503,60,1008,599
house flies_374.png,320,180,house fly,41,18,305,167
house flies_375.jpg,266,186,house fly,58,14,263,183
house flies_377.jpg,548,632,house fly,146,137,375,434
house flies_379.jpg,450,320,house fly,28,47,399,272
house flies_380.jpg,1300,1155,house fly,172,595,622,945
house flies_380.jpg,1300,1155,house fly,170,280,613,680
house flies_380.jpg,1300,1155,house fly,563,263,889,761
house flies_380.jpg,1300,1155,house fly,863,154,1272,595
house flies_381.jpg,900,719,house fly,251,125,764,614
house flies_384.png,599,508,house fly,42,7,599,505
house flies_385.jpg,640,426,house fly,211,99,377,247
house flies_386.jpg,439,446,house fly,20,23,405,446
house flies_387.jpg,400,406,house fly,12,7,369,406
house flies_390.jpg,300,220,house fly,30,19,277,193
house flies_391.jpg,460,250,house fly,98,35,445,234
house flies_392.jpg,1023,924,house fly,219,46,640,385
house flies_392.jpg,1023,924,house fly,67,483,445,889
house flies_392.jpg,1023,924,house fly,564,327,948,696
house flies_393.jpg,0,0,house fly,50,1,221,189
house flies_394.jpg,1300,975,house fly,652,542,1068,834
house flies_398.jpg,300,300,house fly,17,42,221,281
house flies_399.jpg,330,442,house fly,17,208,227,418
house flies_399.jpg,330,442,house fly,62,23,325,256
image_part_002 (2).jpg,2087,1174,house fly,695,1000,914,1143
image_part_002 (3).jpg,2093,1194,house fly,676,1018,909,1161
image_part_002 (4).jpg,2093,1194,house fly,660,999,888,1168
image_part_002.jpg,2087,1174,house fly,664,996,912,1137
image_part_003 (3).jpg,2093,1193,house fly,168,92,325,203
image_part_003 (4).jpg,2093,1193,house fly,173,84,299,247
image_part_004 (2).jpg,2087,1174,flying termite,202,297,314,374
image_part_004 (2).jpg,2087,1174,flying termite,1266,951,1324,1052
image_part_004 (2).jpg,2087,1174,flying termite,869,955,1037,1077
image_part_004 (2).jpg,2087,1174,flying termite,677,1002,765,1100
image_part_004 (2).jpg,2087,1174,flying termite,577,983,688,1105
image_part_004 (2).jpg,2087,1174,flying termite,1776,756,1870,862
image_part_004 (3).jpg,2093,1193,flying termite,164,283,276,381
image_part_004 (3).jpg,2093,1193,flying termite,522,583,605,731
image_part_004 (3).jpg,2093,1193,flying termite,507,888,560,992
image_part_004 (3).jpg,2093,1193,flying termite,673,1007,727,1095
image_part_004 (3).jpg,2093,1193,flying termite,548,965,645,1089
image_part_004 (3).jpg,2093,1193,flying termite,1502,257,1640,365
image_part_004 (4).jpg,2093,1193,flying termite,514,587,595,702
image_part_004 (4).jpg,2093,1193,flying termite,150,281,295,395
image_part_004 (4).jpg,2093,1193,flying termite,664,1011,730,1099
image_part_004 (4).jpg,2093,1193,flying termite,555,972,688,1103
image_part_004 (4).jpg,2093,1193,flying termite,1237,952,1298,1064
image_part_004.jpg,2087,1174,flying termite,546,589,624,712
image_part_004.jpg,2087,1174,flying termite,522,870,584,990
image_part_004.jpg,2087,1174,flying termite,593,983,692,1090
image_part_004.jpg,2087,1174,flying termite,664,989,746,1094
image_part_004.jpg,2087,1174,flying termite,843,1019,899,1120
image_part_004.jpg,2087,1174,flying termite,868,959,1047,1083
image_part_004.jpg,2087,1174,flying termite,1527,266,1630,352
phorid flies_100.jpg,300,204,phorid fly,35,25,268,192
phorid flies_104.jpg,0,0,phorid fly,208,38,516,231
phorid flies_104.jpg,0,0,phorid fly,36,231,273,392
phorid flies_104.jpg,0,0,phorid fly,283,241,521,378
phorid flies_105.jpg,320,273,phorid fly,57,48,256,273
phorid flies_106.jpg,252,183,phorid fly,35,106,93,152
phorid flies_107.jpg,280,133,phorid fly,8,6,125,118
phorid flies_108.jpg,636,749,phorid fly,7,18,625,741
phorid flies_111.jpg,307,257,phorid fly,2,16,299,201
phorid flies_114.jpg,500,375,phorid fly,28,2,360,344
phorid flies_115.jpg,450,300,phorid fly,270,1,407,129
phorid flies_115.jpg,450,300,phorid fly,251,150,404,295
phorid flies_117.jpg,702,375,phorid fly,287,127,385,212
phorid flies_117.jpg,702,375,phorid fly,477,60,530,160
phorid flies_117.jpg,702,375,phorid fly,592,32,666,126
phorid flies_117.jpg,702,375,phorid fly,391,259,456,313
phorid flies_117.jpg,702,375,phorid fly,85,255,157,333
phorid flies_122.jpg,240,180,phorid fly,36,30,195,150
phorid flies_125.jpg,200,200,phorid fly,10,3,184,198
phorid flies_129.jpg,500,379,phorid fly,140,28,343,278
phorid flies_131.jpg,200,260,phorid fly,18,44,189,259
phorid flies_132.jpg,200,294,phorid fly,6,6,192,140
phorid flies_133.jpg,500,343,phorid fly,139,70,398,313
phorid flies_137.jpg,195,246,phorid fly,3,37,188,238
phorid flies_140.jpg,400,298,phorid fly,111,29,387,235
phorid flies_141.jpg,308,308,phorid fly,17,40,279,264
phorid flies_143.jpg,771,1027,phorid fly,202,206,395,404
phorid flies_144.jpg,270,270,phorid fly,6,65,270,250
phorid flies_149.jpg,300,277,phorid fly,64,86,227,203
phorid flies_150.jpg,620,350,phorid fly,173,67,404,281
phorid flies_151.jpg,500,297,phorid fly,15,25,475,287
phorid flies_153.jpg,392,239,phorid fly,148,75,250,164
phorid flies_155.jpg,267,178,phorid fly,8,47,152,144
phorid flies_157.jpg,200,180,phorid fly,8,11,62,71
phorid flies_158.jpg,500,375,phorid fly,16,274,85,339
phorid flies_158.jpg,500,375,phorid fly,407,270,487,346
phorid flies_164.jpg,300,191,phorid fly,1,3,293,181
phorid flies_165.jpg,550,440,phorid fly,80,68,513,306
phorid flies_167.jpg,1024,423,phorid fly,320,1,580,215
phorid flies_168.jpg,240,260,phorid fly,108,1,239,133
phorid flies_172.jpg,500,339,phorid fly,13,1,486,292
phorid flies_173.jpg,0,0,phorid fly,14,32,266,245
phorid flies_176.jpg,450,300,phorid fly,66,36,378,284
phorid flies_177.jpg,420,420,phorid fly,130,147,345,293
phorid flies_181.jpg,380,218,phorid fly,39,1,361,218
phorid flies_183.jpg,622,675,phorid fly,17,13,580,668
phorid flies_186.jpg,250,202,phorid fly,39,24,211,159
phorid flies_188.jpg,413,457,phorid fly,15,4,367,457
phorid flies_190.jpg,960,640,phorid fly,258,190,762,637
phorid flies_191.jpg,250,167,phorid fly,26,24,230,153
phorid flies_192.jpg,267,178,phorid fly,50,8,235,134
phorid flies_194.jpg,840,562,phorid fly,152,81,788,535
phorid flies_195.jpg,610,446,phorid fly,70,289,149,373
phorid flies_195.jpg,610,446,phorid fly,192,165,281,257
phorid flies_199.jpg,640,425,phorid fly,302,175,373,224
phorid flies_199.jpg,640,425,phorid fly,261,120,312,185
phorid flies_199.jpg,640,425,phorid fly,33,81,98,147
phorid flies_199.jpg,640,425,phorid fly,60,234,138,272
phorid flies_201.jpg,500,300,phorid fly,23,33,477,267
phorid flies_202.jpg,300,204,phorid fly,12,8,264,198
phorid flies_203.jpg,366,310,phorid fly,46,42,340,279
phorid flies_205.jpg,392,239,phorid fly,138,73,255,158
phorid flies_206.jpg,295,200,phorid fly,159,5,294,121
phorid flies_206.jpg,295,200,phorid fly,1,4,157,111
phorid flies_209.jpg,588,588,phorid fly,42,8,545,537
phorid flies_211.jpg,400,300,phorid fly,2,12,400,295
phorid flies_212.jpg,150,150,phorid fly,1,37,90,115
phorid flies_214.jpg,640,558,phorid fly,365,54,631,193
phorid flies_223.jpg,640,480,phorid fly,204,103,527,380
phorid flies_225.jpg,1000,750,phorid fly,127,17,892,744
phorid flies_228.jpg,560,700,phorid fly,232,226,362,380
phorid flies_231.jpg,960,720,phorid fly,539,156,874,346
phorid flies_233.jpg,160,160,phorid fly,27,10,122,146
phorid flies_241.jpg,333,499,phorid fly,14,22,321,485
phorid flies_242.jpg,427,640,phorid fly,72,194,259,310
phorid flies_243.jpg,350,350,phorid fly,30,27,323,317
phorid flies_244.jpg,366,310,phorid fly,40,61,324,238
phorid flies_245.jpg,500,331,phorid fly,90,9,411,320
phorid flies_248.jpg,400,267,phorid fly,56,18,354,244
phorid flies_250.jpg,275,155,phorid fly,127,32,271,149
phorid flies_250.jpg,275,155,phorid fly,12,4,104,150
phorid flies_251.jpg,390,260,phorid fly,65,63,307,238
phorid flies_252.jpg,300,257,phorid fly,37,30,281,238
phorid flies_254.jpg,612,408,phorid fly,341,45,546,137
phorid flies_255.jpg,347,346,phorid fly,29,31,318,325
phorid flies_259.jpg,290,211,phorid fly,17,29,154,145
phorid flies_260.jpg,1000,750,phorid fly,76,161,564,675
phorid flies_261.jpg,724,483,phorid fly,162,63,646,448
phorid flies_262.jpg,300,296,phorid fly,56,5,270,285
phorid flies_265.jpg,750,428,phorid fly,94,98,541,395
phorid flies_267.jpg,252,252,phorid fly,39,16,214,235
phorid flies_271.jpg,352,248,phorid fly,117,77,248,177
phorid flies_273.jpg,683,513,phorid fly,250,172,290,237
phorid flies_273.jpg,683,513,phorid fly,167,135,231,189
phorid flies_275.jpg,590,393,phorid fly,213,129,430,266
phorid flies_276.jpg,1024,683,phorid fly,609,183,930,449
phorid flies_276.jpg,1024,683,phorid fly,116,163,441,521
phorid flies_276.jpg,1024,683,phorid fly,324,326,652,537
phorid flies_280.jpg,500,375,phorid fly,52,83,454,336
phorid flies_286.jpg,499,349,phorid fly,129,103,456,310
phorid flies_288.jpg,164,308,phorid fly,8,193,44,221
phorid flies_289.jpg,300,225,phorid fly,12,33,211,197
phorid flies_292.jpg,1024,561,phorid fly,455,149,580,269
phorid flies_297.jpg,350,350,phorid fly,15,39,346,313
phorid flies_299.jpg,240,159,phorid fly,137,29,220,157
phorid flies_299.jpg,240,159,phorid fly,58,63,172,141
phorid flies_56.jpg,0,0,phorid fly,113,20,208,176
phorid flies_58.jpg,900,720,phorid fly,639,108,890,362
phorid flies_60.jpg,736,518,phorid fly,159,43,321,209
phorid flies_61.jpg,720,405,phorid fly,1,52,72,144
phorid flies_61.jpg,720,405,phorid fly,77,51,144,146
phorid flies_61.jpg,720,405,phorid fly,153,52,216,149
phorid flies_61.jpg,720,405,phorid fly,225,52,297,149
phorid flies_61.jpg,720,405,phorid fly,305,52,363,153
phorid flies_61.jpg,720,405,phorid fly,367,52,437,152
phorid flies_61.jpg,720,405,phorid fly,443,53,509,152
phorid flies_61.jpg,720,405,phorid fly,510,54,577,153
phorid flies_61.jpg,720,405,phorid fly,578,49,652,153
phorid flies_61.jpg,720,405,phorid fly,653,48,717,153
phorid flies_61.jpg,720,405,phorid fly,1,153,68,249
phorid flies_61.jpg,720,405,phorid fly,72,153,143,254
phorid flies_61.jpg,720,405,phorid fly,148,153,218,256
phorid flies_61.jpg,720,405,phorid fly,222,153,295,256
phorid flies_61.jpg,720,405,phorid fly,1,258,69,367
phorid flies_61.jpg,720,405,phorid fly,69,258,144,365
phorid flies_61.jpg,720,405,phorid fly,145,257,222,365
phorid flies_61.jpg,720,405,phorid fly,223,257,294,361
phorid flies_61.jpg,720,405,phorid fly,293,259,363,363
phorid flies_61.jpg,720,405,phorid fly,294,158,364,256
phorid flies_61.jpg,720,405,phorid fly,365,159,440,258
phorid flies_61.jpg,720,405,phorid fly,362,261,439,360
phorid flies_61.jpg,720,405,phorid fly,442,157,509,258
phorid flies_61.jpg,720,405,phorid fly,510,157,578,253
phorid flies_61.jpg,720,405,phorid fly,441,261,511,364
phorid flies_61.jpg,720,405,phorid fly,511,261,576,365
phorid flies_61.jpg,720,405,phorid fly,580,157,651,252
phorid flies_61.jpg,720,405,phorid fly,653,156,720,249
phorid flies_61.jpg,720,405,phorid fly,579,261,652,370
phorid flies_61.jpg,720,405,phorid fly,652,255,720,363
phorid flies_64.jpg,200,150,phorid fly,9,7,188,143
phorid flies_69.jpg,600,450,phorid fly,78,19,587,450
phorid flies_70.jpg,1024,767,phorid fly,63,137,890,683
phorid flies_71.jpg,727,731,phorid fly,101,177,645,540
phorid flies_73.jpg,337,212,phorid fly,40,4,293,209
phorid flies_74.jpg,300,221,phorid fly,51,31,291,211
phorid flies_79.jpg,350,408,phorid fly,10,17,348,358
phorid flies_81.jpg,0,0,phorid fly,10,4,273,169
phorid flies_82.jpg,459,873,phorid fly,6,9,459,309
phorid flies_83.jpg,384,288,phorid fly,63,42,332,263
phorid flies_84.jpg,960,720,phorid fly,595,108,837,317
phorid flies_85.jpg,600,338,phorid fly,96,3,167,109
phorid flies_85.jpg,600,338,phorid fly,462,177,540,291
phorid flies_85.jpg,600,338,phorid fly,172,9,306,120
phorid flies_85.jpg,600,338,phorid fly,261,138,349,234
phorid flies_85.jpg,600,338,phorid fly,269,205,405,307
phorid flies_85.jpg,600,338,phorid fly,348,116,454,228
phorid flies_85.jpg,600,338,phorid fly,332,54,421,130
phorid flies_85.jpg,600,338,phorid fly,274,57,364,154
phorid flies_86.jpg,849,566,phorid fly,578,197,675,277
phorid flies_86.jpg,849,566,phorid fly,722,236,800,297
phorid flies_86.jpg,849,566,phorid fly,642,38,699,101
phorid flies_86.jpg,849,566,phorid fly,742,179,818,227
phorid flies_86.jpg,849,566,phorid fly,750,77,811,124
phorid flies_86.jpg,849,566,phorid fly,789,129,849,178
phorid flies_86.jpg,849,566,phorid fly,386,99,454,179
phorid flies_86.jpg,849,566,phorid fly,473,257,526,316
phorid flies_86.jpg,849,566,phorid fly,655,487,771,555
phorid flies_86.jpg,849,566,phorid fly,395,362,479,429
phorid flies_86.jpg,849,566,phorid fly,347,286,449,359
phorid flies_86.jpg,849,566,phorid fly,57,174,141,235
phorid flies_86.jpg,849,566,phorid fly,111,277,187,377
phorid flies_86.jpg,849,566,phorid fly,28,257,116,327
phorid flies_89.jpg,480,360,phorid fly,152,73,366,282
phorid flies_90.jpg,450,270,phorid fly,43,54,204,227
phorid flies_91.jpg,500,449,phorid fly,60,46,386,397
phorid flies_92.jpg,190,190,phorid fly,2,10,185,190
phorid flies_96.jpg,200,200,phorid fly,14,33,153,151
phorid flies_98.jpg,380,285,phorid fly,89,10,370,284
phorid flies_99.jpg,300,217,phorid fly,30,7,288,207
